label,auc
Atelectasis,0.7353316959880326
Cardiomegaly,0.8065456480495181
Consolidation,0.7328699356462658
Edema,0.8521924446779938
Effusion,0.8824581176160269
