label,auc
Atelectasis,0.6740579388458129
Cardiomegaly,0.7518728630152773
Consolidation,0.6879522028348568
Edema,0.8150727851152029
Effusion,0.8019385342789598
